{
    "1:1": {
        "map": 0,
        "zone": 12,
        "x": -8949.95,
        "y": -132.493,
        "z": 83.5312,
        "o": 0.0
    },
    "100:1": {
        "map": 0,
        "zone": 12,
        "x": -8949.95,
        "y": -132.493,
        "z": 83.5312,
        "o": 0.0
    },
    "2:1": {
        "map": 0,
        "zone": 12,
        "x": -8949.95,
        "y": -132.493,
        "z": 83.5312,
        "o": 0.0
    },
    "4:1": {
        "map": 0,
        "zone": 12,
        "x": -8949.95,
        "y": -132.493,
        "z": 83.5312,
        "o": 0.0
    },
    "5:1": {
        "map": 0,
        "zone": 12,
        "x": -8949.95,
        "y": -132.493,
        "z": 83.5312,
        "o": 0.0
    },
    "8:1": {
        "map": 0,
        "zone": 12,
        "x": -8949.95,
        "y": -132.493,
        "z": 83.5312,
        "o": 0.0
    },
    "9:1": {
        "map": 0,
        "zone": 12,
        "x": -8949.95,
        "y": -132.493,
        "z": 83.5312,
        "o": 0.0
    },
    "1:2": {
        "map": 1,
        "zone": 14,
        "x": -618.518,
        "y": -4251.67,
        "z": 38.718,
        "o": 0.0
    },
    "3:2": {
        "map": 1,
        "zone": 14,
        "x": -618.518,
        "y": -4251.67,
        "z": 38.718,
        "o": 0.0
    },
    "4:2": {
        "map": 1,
        "zone": 14,
        "x": -618.518,
        "y": -4251.67,
        "z": 38.718,
        "o": 0.0
    },
    "7:2": {
        "map": 1,
        "zone": 14,
        "x": -618.518,
        "y": -4251.67,
        "z": 38.718,
        "o": 0.0
    },
    "9:2": {
        "map": 1,
        "zone": 14,
        "x": -618.518,
        "y": -4251.67,
        "z": 38.718,
        "o": 0.0
    },
    "1:3": {
        "map": 0,
        "zone": 1,
        "x": -6240.32,
        "y": 331.033,
        "z": 382.758,
        "o": 6.17716
    },
    "2:3": {
        "map": 0,
        "zone": 1,
        "x": -6240.32,
        "y": 331.033,
        "z": 382.758,
        "o": 6.17716
    },
    "3:3": {
        "map": 0,
        "zone": 1,
        "x": -6240.32,
        "y": 331.033,
        "z": 382.758,
        "o": 6.17716
    },
    "4:3": {
        "map": 0,
        "zone": 1,
        "x": -6240.32,
        "y": 331.033,
        "z": 382.758,
        "o": 6.17716
    },
    "5:3": {
        "map": 0,
        "zone": 1,
        "x": -6240.32,
        "y": 331.033,
        "z": 382.758,
        "o": 6.17716
    },
    "1:4": {
        "map": 1,
        "zone": 141,
        "x": 10311.3,
        "y": 832.463,
        "z": 1326.41,
        "o": 5.69632
    },
    "3:4": {
        "map": 1,
        "zone": 141,
        "x": 10311.3,
        "y": 832.463,
        "z": 1326.41,
        "o": 5.69632
    },
    "4:4": {
        "map": 1,
        "zone": 141,
        "x": 10311.3,
        "y": 832.463,
        "z": 1326.41,
        "o": 5.69632
    },
    "5:4": {
        "map": 1,
        "zone": 141,
        "x": 10311.3,
        "y": 832.463,
        "z": 1326.41,
        "o": 5.69632
    },
    "11:4": {
        "map": 1,
        "zone": 141,
        "x": 10311.3,
        "y": 832.463,
        "z": 1326.41,
        "o": 5.69632
    },
    "1:5": {
        "map": 0,
        "zone": 85,
        "x": 1676.71,
        "y": 1678.31,
        "z": 121.67,
        "o": 2.70526
    },
    "4:5": {
        "map": 0,
        "zone": 85,
        "x": 1676.71,
        "y": 1678.31,
        "z": 121.67,
        "o": 2.70526
    },
    "5:5": {
        "map": 0,
        "zone": 85,
        "x": 1676.71,
        "y": 1678.31,
        "z": 121.67,
        "o": 2.70526
    },
    "8:5": {
        "map": 0,
        "zone": 85,
        "x": 1676.71,
        "y": 1678.31,
        "z": 121.67,
        "o": 2.70526
    },
    "9:5": {
        "map": 0,
        "zone": 85,
        "x": 1676.71,
        "y": 1678.31,
        "z": 121.67,
        "o": 2.70526
    },
    "1:6": {
        "map": 1,
        "zone": 215,
        "x": -2917.58,
        "y": -257.98,
        "z": 52.9968,
        "o": 0.0
    },
    "3:6": {
        "map": 1,
        "zone": 215,
        "x": -2917.58,
        "y": -257.98,
        "z": 52.9968,
        "o": 0.0
    },
    "7:6": {
        "map": 1,
        "zone": 215,
        "x": -2917.58,
        "y": -257.98,
        "z": 52.9968,
        "o": 0.0
    },
    "11:6": {
        "map": 1,
        "zone": 215,
        "x": -2917.58,
        "y": -257.98,
        "z": 52.9968,
        "o": 0.0
    },
    "1:7": {
        "map": 0,
        "zone": 1,
        "x": -6240.32,
        "y": 331.033,
        "z": 382.758,
        "o": 0.0
    },
    "4:7": {
        "map": 0,
        "zone": 1,
        "x": -6240.32,
        "y": 331.033,
        "z": 382.758,
        "o": 0.0
    },
    "8:7": {
        "map": 0,
        "zone": 1,
        "x": -6240.32,
        "y": 331.033,
        "z": 382.758,
        "o": 0.0
    },
    "9:7": {
        "map": 0,
        "zone": 1,
        "x": -6240.32,
        "y": 331.033,
        "z": 382.758,
        "o": 0.0
    },
    "1:8": {
        "map": 1,
        "zone": 14,
        "x": -618.518,
        "y": -4251.67,
        "z": 38.718,
        "o": 0.0
    },
    "3:8": {
        "map": 1,
        "zone": 14,
        "x": -618.518,
        "y": -4251.67,
        "z": 38.718,
        "o": 0.0
    },
    "4:8": {
        "map": 1,
        "zone": 14,
        "x": -618.518,
        "y": -4251.67,
        "z": 38.718,
        "o": 0.0
    },
    "5:8": {
        "map": 1,
        "zone": 14,
        "x": -618.518,
        "y": -4251.67,
        "z": 38.718,
        "o": 0.0
    },
    "7:8": {
        "map": 1,
        "zone": 14,
        "x": -618.518,
        "y": -4251.67,
        "z": 38.718,
        "o": 0.0
    },
    "8:8": {
        "map": 1,
        "zone": 14,
        "x": -618.518,
        "y": -4251.67,
        "z": 38.718,
        "o": 0.0
    }
}